{
    "Precision@10": 0.41999999999999993,
    "Recall@10": 0.013511876295233542,
    "mAP": 0.43709624590576973,
    "MRR": 0.5,
    "NDCG": 0.4746874545616028
}